"Marker","statistic","p.value","sig","normal"
"MarkerA",0.957150434289019,1.04555273275466e-07,"Sig","Not normal"
"MarkerB",0.95155707069235,2.13809720705318e-08,"Sig","Not normal"
"MarkerC",0.960315792520767,2.70865456435991e-07,"Sig","Not normal"
"MarkerD",0.956499609821323,8.64044890428772e-08,"Sig","Not normal"
