"Marker","statistic","p.value","sig","normal"
"MarkerA",0.959151074392155,1.89900522155523e-07,"Sig","Not normal"
"MarkerB",0.948242854014723,8.78413480237219e-09,"Sig","Not normal"
"MarkerC",0.948390659498618,9.13282512463173e-09,"Sig","Not normal"
"MarkerD",0.943706532453789,2.74490720113438e-09,"Sig","Not normal"
